stop_id,stop_name,stop_desc,stop_lat,stop_lon,location_type,parent_station


152,Carretera Panamericana 190 - Cuauhtémoc,,17.082682,-96.74352,0,

161,Base BinniBus Tlalixtac de Cabrera,,17.074411,-96.648477,0,
162,Francisco I. Madero - Avenida Miguel Cabrera,,17.074517,-96.650604,0,
163,Francisco I. Madero - Calvario,,17.0706,-96.651354,0,
164,Francisco I. Madero - Independencia,,17.067324,-96.652088,0,
165,Calzada Adolfo López Mateos - Camino de la Cruz,,17.064043,-96.654497,0,
166,Calzada Adolfo López Mateos - Camino Nacional,,17.059068,-96.657715,0,

207,Camino del Rancho - Camino Nacional,,17.056998,-96.650912,0,
208,Camino del Rancho - Clínica de Especialidades ,,17.060862,-96.649848,0,
209,Matamoros - Camino de la Cruz,,17.063793,-96.649182,0,
210,Matamoros - Independencia,,17.066442,-96.64861,0,
211,Matamoros - Calvario,,17.069951,-96.647862,0,
212,Matamoros - Gregorio N. Chávez,,17.07235,-96.647421,0,

219,Avenida Lázaro Cárdenas -5 De Febrero,,17.06164,-96.71186,0,
220,Avenida Lázaro Cárdenas -3 Norte,,17.06257,-96.708935,0,
221,Avenida Lázaro Cárdenas -Laguna de Término,,17.063157,-96.7065,0,
222,Centro Cultural y de Convenciones de Oaxaca,,17.063587,-96.704571,0,
223,Avenida Lázaro Cárdenas - Avenida 16 De Septiembre,,17.064028,-96.702316,0,
224,Avenida Lázaro Cárdenas -Carrizal,,17.064574,-96.699592,0,
225,Avenida Lázaro Cárdenas - Avenida Calicanto,,17.06465,-96.69671,0,

230,Avenida Lázaro Cárdenas -Camino Nacional - OXXO,,17.06379,-96.6803,0,
231,Camino Nacional - Tercera Privada de Guerrero,,17.06304,-96.67674,0,
232,Camino Nacional - Unión,,17.06209,-96.67236,0,
233,Camino Nacional -Independencia,,17.06166,-96.67048,0,
234,Camino Nacional -Del Arenal,,17.06126,-96.66746,0,
235,Arenal - Avenida Ferrocarril,,17.058609,-96.667585,0,
236,Calle Del Panteón - Avenida Ferrocarril,,17.057469,-96.670498,0,
237,Base BinniBus San Sebastián Tutla,,17.055901,-96.67115,0,
238,Avenida Ferrocarril - El Arenal,,17.058654,-96.667522,0,
239,Camino Nacional - Alfonso Reyes,,17.061241,-96.667065,0,
240,Camino Nacional - Independencia,,17.061672,-96.67028,0,
241,Camino Nacional - Calzada Antonio de León,,17.061941,-96.6714,0,
242,Camino Nacional - Tercera Privada de Guerrero,,17.063071,-96.67675,0,
243,Avenida Lázaro Cárdenas - Camino Nacional,,17.063881,-96.680189,0,

246,Avenida Lázaro Cárdenas - San Diego de los Hornos,,17.06444,-96.68894,0,
248,Avenida Lázaro Cárdenas - Siracuaza,,17.064842,-96.69384,0,
249,Avenida Lázaro Cárdenas - Avenida Sabinos,,17.064741,-96.697268,0,
250,Avenida Lázaro Cárdenas - Paraíso,,17.0646,-96.69997,0,
251,Avenida Lázaro Cárdenas - Avenida 16 de Septiembre,,17.064197,-96.701998,0,
252,Avenida Lázaro Cárdenas - Guelatao (CCCO),,17.063401,-96.70593,0,
253,Avenida Lázaro Cárdenas - 3 Norte,,17.06275,-96.708501,0,
254,Avenida Lázaro Cárdenas - 5 de Febrero,,17.061891,-96.71139,0,

257,Avenida José María Morelos - Martirez de Tacubaya,,17.061621,-96.71797,0,
259,Avenida José María Morelos- Reforma,,17.062481,-96.722369,0,
260,Avenida José María Morelos - Andador Turístico,,17.06285,-96.72423,0,
261,Avenida José María Morelos - Hotel Casantica,,17.063188,-96.726044,0,
262,Avenida José María Morelos - Palacio Municipal del Municipio de Oaxacade Juárez,,17.064083,-96.730236,0,
263,División Oriente - Plazuela Vicente Guerrero,,17.066619,-96.734231,0,
264,División Oriente - 13 de Septiembre,,17.077189,-96.740271,0,
267,Hospital General de la Mujer y la Niñez Oaxaqueña,,16.912159,-96.72246,0,
268,"Hospital Psiquiátrico ""Cruz del Sur""",,16.913509,-96.720363,0,
269,Oaxaca - Puerto Escondido - Puerta 2 Ciudad Judicial,,16.91447,-96.71888,0,
270,Parada Escuela Narciso Mendoza,,16.91826,-96.71444,0,
271,Oaxaca - Puerto Escondido - Valle Esmeralda,,16.921616,-96.711006,0,
272,Oaxaca - Puerto Escondido - Camino Real,,16.9246,-96.70789,0,
273,Oaxaca - Puerto Escondido - Mercurio,,16.92596,-96.70633,0,
274,Crucero de la Y,,16.927871,-96.703925,0,
275,Oaxaca - Puerto Escondido - Mercurio,,16.92535,-96.70053,0,
276,Oaxaca - Puerto Escondido - Colonia Rancho Viejo,,16.922529,-96.697191,0,
277,Oaxaca - Puerto Escondido - La Cuesta,,16.919635,-96.695557,0,
278,Insurgentes Oriente - Vigésimo Primero de Mayo,,16.9213199,-96.6956285,0,
279,Oaxaca - Puerto Escondido - Progreso,,16.9223314,-96.696809,0,
280,Oaxaca - Puerto Escondido - Revolución,,16.9262285,-96.7013812,0,
281,Oaxaca - Puerto Escondido - Otillo Montaño,,16.928512,-96.703359,0,
282,Oaxaca - Puerto Escondido - Allende,,16.932443,-96.703987,0,
283,Oaxaca - Puerto Escondido - Mina,,16.935254,-96.704464,0,
284,Oaxaca - Puerto Escondido - Independencia,,16.9381,-96.70494,0,
285,Oaxaca - Puerto Escondido - Emiliano Zapata,,16.942425,-96.70567,0,
286,Crucero Hospitales,,16.9481825,-96.7066619,0,
287,Oaxaca - Puerto Escondido - Hidalgo,,16.957082,-96.707368,0,
288,Nuevo Mercado de Artesanias,,16.96146,-96.70661,0,
289,Oaxaca - Puerto Escondido - 16 de Septiembre,,16.96471,-96.70605,0,
290,Oaxaca - Puerto Escondido - Las americas,,16.9681,-96.70546,0,
291,Secretaría de Seguridad Pública,,16.97066,-96.70597,0,
292,Oaxaca - Puerto Escondido - Pirules,,16.97684,-96.70735,0,
293,Oaxaca - Puerto Escondido - Los Pinos,,16.97985,-96.70804,0,
294,Base BinniBus Animas Trujano,,16.98495,-96.71097,0,
295,Palacio Municipal - Ánimas Trujano ,,16.98938,-96.71346,0,
296,Oaxaca - Puerto Escondido - Tercera Privada Norte,,16.99595,-96.713182,0,
297,Solar Juvenil Oaxaqueño,,16.99693,-96.71317,0,
298,Oaxaca - Puerto Escondido - Jerusalén,,17.0011,-96.71297,0,
299,Crucero Aeropuerto,,17.003,-96.71289,0,
300,Bodega Aurrera - San Agustín de las Juntas,,17.006663,-96.712762,0,
301,Avenida Símbolos Patrios - Vega,,17.01005,-96.71268,0,
302,Avenida Símbolos Patrios - Porfirio Díaz,,17.01176,-96.71261,0,

312,Avenida Símbolos Patrios - Puerto Márquez,,17.04544,-96.72228,0,
315,Carlos María Bustamante - Moctezuma,,17.05331,-96.72632,0,
316,Carlos María Bustamante - Ignacio Zaragoza,,17.05613,-96.72579,0,

346,Armenta y López - Clinica de Especialidades,,17.056541,-96.724697,0,
347,Armenta y López - Xóchitl,,17.054361,-96.725165,0,
348,Armenta y López - CFE ,,17.051321,-96.725815,0,

361,Avenida Símbolos Patrios - Porfirio Díaz,,17.012247,-96.712792,0,
362,Avenida Símbolos Patrios - Vega,,17.009817,-96.71289,0,
363,Avenida Símbolos Patrios - Bodega Aurrera,,17.006202,-96.713011,0,
364,Avenida Símbolos Patrios - Gasolinera G500,,17.003555,-96.713113,0,
365,Oaxaca - Puerto Escondido - Galilea,,17.000337,-96.713268,0,
366,Oaxaca - Puerto Escondido - Solar Juvenil Oxaqueño,,16.996896,-96.713396,0,
367,Oaxaca - Puerto Escondido - Unidad Médica Rural 235 IMSS,,16.993877,-96.71353,0,
368,Oaxaca - Puerto Escondido - 5 de Febrero,,16.98994,-96.713662,0,
369,Oaxaca - Puerto Escondido - Amado Nervo,,16.985156,-96.711515,0,
370,Oaxaca - Puerto Escondido - Fraccionamiento Proyecto 2000,,16.981012,-96.708557,0,
371,Oaxaca - Puerto Escondido - Campo los Pinos,,16.978818,-96.708066,0,
372,Oaxaca - Puerto Escondido - Centro de Verificación Vehicular,,16.976395,-96.707514,0,
373,Oaxaca - Puerto Escondido - Secretaria de Seguridad y Protección Ciudadana,,16.971924,-96.706513,0,
374,Oaxaca - Puerto Escondido - Corregidora,,16.967212,-96.705859,0,
375,Oaxaca - Puerto Escondido - 16 de Septiembre,,16.965041,-96.706268,0,
376,Nuevo Mercado de Artesanias,,16.961494,-96.706904,0,
377,Oaxaca - Puerto Escondido - Oficialia Del Registro Civil de San Bartolo Coyotepec,,16.958171,-96.70747,0,
378,Oaxaca - Puerto Escondido - Galeana,,16.955214,-96.708014,0,
379,Oaxaca - Puerto Escondido - Boulevard del Niño Oaxaqueño,,16.947133,-96.706716,0,
380,Oaxaca - Puerto Escondido - Ocoñaña,,16.939715,-96.705433,0,
381,Oaxaca - Puerto Escondido - Morelos,,16.934782,-96.704621,0,
382,Oaxaca - Puerto Escondido - Capilla de San Judas Tadeo,,16.929277,-96.703588,0,
383,Oaxaca - Puerto Escondido - 12 de Diciembre,,16.927277,-96.705399,0,
384,Oaxaca - Puerto Escondido - Colonia Campo Real,,16.924719,-96.708118,0,
385,Oaxaca - Puerto Escondido - Cedros,,16.922669,-96.71023,0,
386,Oaxaca - Puerto Escondido - Escuela Narcizo Mendoza,,16.918606,-96.714426,0,
387,Oaxaca - Puerto Escondido - Puerta 2 Ciudad Judicial,,16.914812,-96.718964,0,
388,Oaxaca - Puerto Escondido - Puerta 1 Ciudad Judicial,,16.911263,-96.724322,0,

494,Fernando Montes de Oca - Niños Héroes,,17.072277,-96.73737,0,

519,Santa Magdalena - Carretera Panamericana 190,,17.091048,-96.746911,0,
520,Boulevard Eduardo Mata - Plazuela Vicente Guerrero,,17.066136,-96.735462,0,

,González Ortega - Noria,,17.055254,-96.719298,0,


548,Tlaxiaco - Salina Cruz,,17.039316,-96.692816,0,
550,Tehuantepec - Salina Cruz,,17.043151,-96.692395,0,
551,Juchatengo - Tehuantepec,,17.043806,-96.69333,0,
552,Circuito Sur 1 - Circuito Poniente 1,,17.044978,-96.694288,0,
553,Calle Tres - Circuito Poniente 1,,17.047276,-96.693715,0,


570,Escuela Secundaria Técnica #248,,17.0921213,-96.7473051,0,
571,Nudo Mixteco - Gran Vía Santa Rosa,,17.0929871,-96.7444378,0,

575,Onix Onice,,17.0958778,-96.7434334,0,
576,Coral,,17.096856,-96.744606,0,
577,Azabache,,17.0973711,-96.7426605,0,
578,Perla,,17.0988528,-96.7432376,0,
579,Base BinniBus La Raya,,16.97689,-96.72626,0,
580,Francisco I.Madero,,16.9810943,-96.7250932,0,
581,5 de Mayo - Francisco I. Madero,,16.983976,-96.7244083,0,
582,Golfo de México - Francisco I. Madero,,16.98801,-96.723437,0,
583,Benito Juárez - Francisco I. Madero,,16.991002,-96.722743,0,
584,Unidad Deportiva el Tequio 2,,16.9945574,-96.7203497,0,
585,Unidad Deportiva el Tequio 1,,16.9975081,-96.7194863,0,
586,Escuela Oficial Rayados Oaxaca,,16.999157,-96.718997,0,
587,Aeropuerto,,17.0009486,-96.7184756,0,

603,Cristóbal Colón-  Xicoténcatl,,17.058324,-96.721121,0,
604,Avenida Miguel Hidalgo - Xicoténcatl,,17.059934,-96.720881,0,

621,Base BinniBus Manzana L,,17.10894,-96.74516,0,
622,Moctezuma - Quetzalcóatl,,17.10785,-96.74609,0,
623,Axayacatl - Quetzalcóatl,,17.1074423,-96.746903,0,
624,Vista Hermosa - Quetzalcóatl,,17.1066522,-96.7463761,0,
625,Quetzalcóatl - Tecóatl,,17.1061471,-96.7457414,0,
626,Cuauhtémoc - Quetzalcóatl,,17.1049925,-96.7450391,0,
627,Cuitláhuac - Quetzalcóatl,,17.103995,-96.744919,0,
635,Avenida Eduardo Vasconcelos - Quetzalcóatl,,17.1033746,-96.7450116,0,
636,Cosijopi - Quetzalcóatl,,17.1050152,-96.7449361,0,
637,Escuela José María Morelos y Pavón,,17.106069,-96.7455319,0,
638,Citlali - Quetzalcóatl,,17.1064814,-96.7461804,0,
639,Axayacatl Quetzalcóatl,,17.1073924,-96.746831,0,
640,Moctezuma - Quetzalcóatl,,17.107944,-96.7461085,0,

680,Andador Santo Domingo,,17.041635,-96.691763,0,

794,Mixcóatl - Avenida Montoya,,17.06268196,-96.74655339,0,


892,Base BinniBus ISSSTE,,17.08297,-96.72155,0,
893,Avenida Félix Romero - Circuito la Cascada,,17.083739,-96.720452,0,
894,Gerardo Valera - José López Álvarez,,17.08282,-96.71953,0,
896,Nuño del Mercado - Flores Magón,,17.054666,-96.727111,0,

900,Puente de Nazareno Xoxocotlán,,17.015018,-96.756527,0,
901,Morerlos - Carretera Oaxaca - Zaachila,,17.013576,-96.758942,0,
902,Cruz Blanca - Carretera Oaxaca - Zaachila,,17.011533,-96.762391,0,
903,El Bajío - Carretera Oaxaca - Zaachila,,17.009571,-96.765638,0,
904,El Tepeyac - Camino a Cuilápam de Guerrero,,17.007436,-96.768082,0,
905,Moctezuma - Camino a Cuilápam de Guerrero,,7.006868,-96.76561,0,
906,Enrique Rébsamen - Camino a Cuilápam de Guerrero,,17.005781,-96.762042,0,
907,La Soledad - Avenida San Isidro,,17.002783,-96.759992,0,
908,Sabino Crespo - Avenida San Isidro,,16.999637,-96.758564,0,
909,Base BinniBus CRIT,,16.997046,-96.756596,0,
910,Universidad Anáhuac,,16.99694,-96.753051,0,
912,Tanque Elevado,,16.999438,-96.758532,0,
913,La Soledad - Avenida San Isidro,,17.002657,-96.759799,0,
914,Enrique Rébsamen - Camino a Cuilápam de Guerrero,,17.005696,-96.76179,0,
915,23 de Abril - Camino a Cuilápam de Guerrero,,17.006914,-96.766383,0,
916,Camino a Cuilápam de Guerrero - Carretera Oaxaca - Zaachila,,17.007944,-96.768088,0,
917,El Bajío - Carretera Oaxaca - Zaachila,,17.009679,-96.765215,0,
918,Cruz Blanca - Carretera Oaxaca - Zaachila,,17.011306,-96.76251,0,
919,Río Grijalva,,17.012563,-96.760316,0,
920,Emiliano Zapata - Carretera Oaxaca - Zaachila,,17.014958,-96.756421,0,
924,Preparatoria #7 UABJO,,17.053318,-96.728461,0,
925,Nuño del Mercado - 20 de Noviembre,,17.054696,-96.728074,0,
926,Ignacio Zaragoza - 20 de Noviembre,,17.056654,-96.727662,0,
927,Mercado 20 de Noviembre,,17.058414,-96.727303,0,
928,Rocio - Gerardo Varela,,17.084075,-96.720787,0,
929,Hospital ISSSTE,,17.084414,-96.722056,0,
930,Marcos Pérez - Avenida Félix Romero,,17.083435,-96.723495,0,
931,Ignacio Mariscal - Marcos Pérez,,17.082845,-96.723742,0,

1003,7 de Enero - Sauces,,17.0806872,-96.7065,0,

1077,Manuel Fernandez - Cristobal Colón,,17.05872,-96.72307,0,
1078,Flores Magón - Fray Bartolomé de las Casas,,17.05933,-96.72604,0,

